1,Miguel Castro,miguel.castro1@example.com,3281,58889613,963789355,2025-06-05 17:45:53.579949 +00:00
2,Diego Morales,diego.morales2@example.com,5792,75997274,911238791,2025-06-05 17:45:53.581354 +00:00
3,Pedro Martínez,pedro.martínez3@example.com,7251,84922400,994327799,2025-06-05 17:45:53.582011 +00:00
4,Sofía Rodríguez,sofía.rodríguez4@example.com,9437,03917716,954781143,2025-06-05 17:45:53.582571 +00:00
5,Miguel García,miguel.garcía5@example.com,0512,85420635,919798768,2025-06-05 17:45:53.583152 +00:00
6,Ricardo Díaz,ricardo.díaz6@example.com,5967,71357905,927922444,2025-06-05 17:45:53.583699 +00:00
7,María Mendoza,maría.mendoza7@example.com,4876,12475270,945867145,2025-06-05 17:45:53.584243 +00:00
8,Elena Rojas,elena.rojas8@example.com,1616,03270815,939544092,2025-06-05 17:45:53.584733 +00:00
9,Lucía Sánchez,lucía.sánchez9@example.com,2923,72112809,937910033,2025-06-05 17:45:53.585230 +00:00
10,Sofía Flores,sofía.flores10@example.com,3320,79723833,917393599,2025-06-05 17:45:53.585788 +00:00
11,Jorge Martínez,jorge.martínez11@example.com,7474,99356202,996652822,2025-06-05 17:45:53.586317 +00:00
12,Pedro Rodríguez,pedro.rodríguez12@example.com,0171,29830311,998550090,2025-06-05 17:45:53.586846 +00:00
13,Carmen Fernández,carmen.fernández13@example.com,1093,49559491,935219586,2025-06-05 17:45:53.587446 +00:00
14,Ana Rojas,ana.rojas14@example.com,0038,82661762,909005927,2025-06-05 17:45:53.588032 +00:00
15,Elena Mendoza,elena.mendoza15@example.com,5510,47323002,926718270,2025-06-05 17:45:53.588550 +00:00
16,Juan Torres,juan.torres16@example.com,4501,66096805,906403255,2025-06-05 17:45:53.589106 +00:00
17,Luis Rojas,luis.rojas17@example.com,3803,30645310,940694626,2025-06-05 17:45:53.589618 +00:00
18,Alberto Cruz,alberto.cruz18@example.com,7976,23482684,937279831,2025-06-05 17:45:53.590139 +00:00
19,Lucía Martínez,lucía.martínez19@example.com,5549,41855266,964569967,2025-06-05 17:45:53.590676 +00:00
20,Pedro Cruz,pedro.cruz20@example.com,3557,28325295,937928706,2025-06-05 17:45:53.591217 +00:00
21,José Castro,josé.castro21@example.com,2332,93437418,924606659,2025-06-05 17:45:53.591731 +00:00
22,Diego Romero,diego.romero22@example.com,2257,28421312,924523810,2025-06-05 17:45:53.592259 +00:00
23,Patricia López,patricia.lópez23@example.com,1188,37062534,922368272,2025-06-05 17:45:53.592816 +00:00
24,Pedro Rojas,pedro.rojas24@example.com,8778,26166718,913828931,2025-06-05 17:45:53.593423 +00:00
25,Jorge Alvarez,jorge.alvarez25@example.com,1445,88389073,979233339,2025-06-05 17:45:53.593978 +00:00
26,Patricia Cruz,patricia.cruz26@example.com,1531,96738754,944302528,2025-06-05 17:45:53.594516 +00:00
27,Juan Mendoza,juan.mendoza27@example.com,4992,37812660,907478265,2025-06-05 17:45:53.595067 +00:00
28,Alberto Vargas,alberto.vargas28@example.com,0769,77688013,950071196,2025-06-05 17:45:53.595637 +00:00
29,Rosa Morales,rosa.morales29@example.com,5950,18358326,985603992,2025-06-05 17:45:53.596206 +00:00
30,Sofía Gómez,sofía.gómez30@example.com,4733,14594541,911768411,2025-06-05 17:45:53.596743 +00:00
31,José González,josé.gonzález31@example.com,5409,51907060,960545043,2025-06-05 17:45:53.597337 +00:00
32,Jorge Romero,jorge.romero32@example.com,8266,46089430,975409768,2025-06-05 17:45:53.597926 +00:00
33,Juan Cruz,juan.cruz33@example.com,1066,70437361,957199909,2025-06-05 17:45:53.598508 +00:00
34,Alberto Romero,alberto.romero34@example.com,8247,50153739,939315840,2025-06-05 17:45:53.599083 +00:00
35,Pedro Gómez,pedro.gómez35@example.com,4117,64211006,970576027,2025-06-05 17:45:53.599626 +00:00
36,José Flores,josé.flores36@example.com,5743,91668838,907249562,2025-06-05 17:45:53.600174 +00:00
37,Luis Cruz,luis.cruz37@example.com,6573,35118091,932115188,2025-06-05 17:45:53.600787 +00:00
38,Carmen Mendoza,carmen.mendoza38@example.com,6446,79410881,976810972,2025-06-05 17:45:53.601405 +00:00
39,Miguel Flores,miguel.flores39@example.com,7898,64176376,938508351,2025-06-05 17:45:53.601995 +00:00
40,Jorge Fernández,jorge.fernández40@example.com,3438,82521357,996006428,2025-06-05 17:45:53.602584 +00:00
41,Laura Rodríguez,laura.rodríguez41@example.com,5180,23673784,973223611,2025-06-05 17:45:53.603178 +00:00
42,Isabel Cruz,isabel.cruz42@example.com,7399,80801125,987393474,2025-06-05 17:45:53.603730 +00:00
43,Lucía Sánchez,lucía.sánchez43@example.com,6558,48859243,930895580,2025-06-05 17:45:53.604319 +00:00
44,Miguel Torres,miguel.torres44@example.com,6258,95502343,922884484,2025-06-05 17:45:53.604855 +00:00
45,Miguel Romero,miguel.romero45@example.com,7036,14875202,958363745,2025-06-05 17:45:53.605391 +00:00
46,Sofía Gómez,sofía.gómez46@example.com,0033,76415512,922737237,2025-06-05 17:45:53.605910 +00:00
47,Luis Pérez,luis.pérez47@example.com,7988,83326936,987189403,2025-06-05 17:45:53.606410 +00:00
48,Alberto Pérez,alberto.pérez48@example.com,8732,84492620,991289791,2025-06-05 17:45:53.606943 +00:00
49,Pedro Martínez,pedro.martínez49@example.com,0711,11108354,949967300,2025-06-05 17:45:53.607465 +00:00
50,Lucía Alvarez,lucía.alvarez50@example.com,5139,00403122,927969894,2025-06-05 17:45:53.608130 +00:00
51,Ricardo Díaz,ricardo.díaz51@example.com,4270,28615551,970558290,2025-06-05 17:45:53.608686 +00:00
52,Carlos López,carlos.lópez52@example.com,1150,86833695,984222430,2025-06-05 17:45:53.609252 +00:00
53,Pedro Alvarez,pedro.alvarez53@example.com,7562,72904537,925647698,2025-06-05 17:45:53.609775 +00:00
54,Miguel Rojas,miguel.rojas54@example.com,7620,40647567,921200640,2025-06-05 17:45:53.610362 +00:00
55,Carmen López,carmen.lópez55@example.com,9405,39277839,992827956,2025-06-05 17:45:53.610950 +00:00
56,María Alvarez,maría.alvarez56@example.com,0629,44216155,984855190,2025-06-05 17:45:53.611540 +00:00
57,Sofía Fernández,sofía.fernández57@example.com,1307,74591071,920658319,2025-06-05 17:45:53.612044 +00:00
58,Lucía Gómez,lucía.gómez58@example.com,4327,79271027,954980889,2025-06-05 17:45:53.612561 +00:00
59,Carlos Alvarez,carlos.alvarez59@example.com,9352,80990127,911532156,2025-06-05 17:45:53.613124 +00:00
60,Ana Gómez,ana.gómez60@example.com,3497,85822501,917957301,2025-06-05 17:45:53.613647 +00:00
61,Luis Gómez,luis.gómez61@example.com,2457,89245668,945964257,2025-06-05 17:45:53.614208 +00:00
62,Ana Rodríguez,ana.rodríguez62@example.com,4059,18978346,976529974,2025-06-05 17:45:53.614777 +00:00
63,Diego Díaz,diego.díaz63@example.com,5287,11479018,957213429,2025-06-05 17:45:53.615332 +00:00
64,Rosa Flores,rosa.flores64@example.com,6311,00878057,951875633,2025-06-05 17:45:53.615871 +00:00
65,Jorge Morales,jorge.morales65@example.com,5288,23031426,985575410,2025-06-05 17:45:53.616409 +00:00
66,Juan Romero,juan.romero66@example.com,5281,38001914,930145498,2025-06-05 17:45:53.616924 +00:00
67,Ana Romero,ana.romero67@example.com,6505,91246881,999713724,2025-06-05 17:45:53.617441 +00:00
68,Luis Díaz,luis.díaz68@example.com,8072,50240095,927439953,2025-06-05 17:45:53.617961 +00:00
69,Juan Fernández,juan.fernández69@example.com,7533,95202778,910246314,2025-06-05 17:45:53.618539 +00:00
70,Carmen Alvarez,carmen.alvarez70@example.com,9110,27996231,931231252,2025-06-05 17:45:53.619088 +00:00
71,Ana Vargas,ana.vargas71@example.com,9671,34327637,951988626,2025-06-05 17:45:53.619657 +00:00
72,Miguel Sánchez,miguel.sánchez72@example.com,2360,47323175,921298028,2025-06-05 17:45:53.620207 +00:00
73,Carlos García,carlos.garcía73@example.com,7838,76972671,912071831,2025-06-05 17:45:53.620731 +00:00
74,José Gómez,josé.gómez74@example.com,4157,23056041,987386414,2025-06-05 17:45:53.621285 +00:00
75,Pedro Flores,pedro.flores75@example.com,4349,19256887,962461724,2025-06-05 17:45:53.621861 +00:00
76,Patricia Fernández,patricia.fernández76@example.com,3868,62886007,940475980,2025-06-05 17:45:53.622483 +00:00
77,Ricardo Romero,ricardo.romero77@example.com,6782,80346684,984496016,2025-06-05 17:45:53.623390 +00:00
78,Luis Martínez,luis.martínez78@example.com,8309,65956731,959718397,2025-06-05 17:45:53.623961 +00:00
79,José Sánchez,josé.sánchez79@example.com,0680,56947283,999311317,2025-06-05 17:45:53.624509 +00:00
80,Carlos Romero,carlos.romero80@example.com,9250,37463286,967173149,2025-06-05 17:45:53.625040 +00:00
81,Miguel Cruz,miguel.cruz81@example.com,8813,03441505,917509657,2025-06-05 17:45:53.625547 +00:00
82,María Mendoza,maría.mendoza82@example.com,6635,17281702,905325506,2025-06-05 17:45:53.626083 +00:00
83,José Rodríguez,josé.rodríguez83@example.com,9701,62642744,991534752,2025-06-05 17:45:53.626632 +00:00
84,Rosa Cruz,rosa.cruz84@example.com,6060,64850539,961519375,2025-06-05 17:45:53.627318 +00:00
85,Carlos Flores,carlos.flores85@example.com,3284,71618148,918265904,2025-06-05 17:45:53.628051 +00:00
86,Carmen Castro,carmen.castro86@example.com,5598,53669489,995314835,2025-06-05 17:45:53.629096 +00:00
87,Alberto Martínez,alberto.martínez87@example.com,2218,23207281,943396138,2025-06-05 17:45:53.629790 +00:00
88,Sofía Mendoza,sofía.mendoza88@example.com,1466,10957463,976249787,2025-06-05 17:45:53.630436 +00:00
89,Elena Pérez,elena.pérez89@example.com,0900,67741822,931091807,2025-06-05 17:45:53.631021 +00:00
90,Jorge Castro,jorge.castro90@example.com,1739,03348100,953561259,2025-06-05 17:45:53.631586 +00:00
91,Rosa Rodríguez,rosa.rodríguez91@example.com,0800,41211914,917934600,2025-06-05 17:45:53.632330 +00:00
92,Elena Fernández,elena.fernández92@example.com,9496,26846462,996027174,2025-06-05 17:45:53.633052 +00:00
93,Ana Díaz,ana.díaz93@example.com,9984,79853404,960581360,2025-06-05 17:45:53.633842 +00:00
94,Patricia Alvarez,patricia.alvarez94@example.com,6229,65681604,918180951,2025-06-05 17:45:53.634705 +00:00
95,Lucía Fernández,lucía.fernández95@example.com,5886,76501283,993607647,2025-06-05 17:45:53.635438 +00:00
96,Laura Sánchez,laura.sánchez96@example.com,8923,44345588,971243686,2025-06-05 17:45:53.636261 +00:00
97,Isabel Castro,isabel.castro97@example.com,8003,41893580,910444831,2025-06-05 17:45:53.637017 +00:00
98,Alberto González,alberto.gonzález98@example.com,1262,42895343,921021506,2025-06-05 17:45:53.637849 +00:00
99,Pedro Martínez,pedro.martínez99@example.com,7950,85186773,976601955,2025-06-05 17:45:53.638441 +00:00
100,Carmen Gómez,carmen.gómez100@example.com,3819,79274127,912314013,2025-06-05 17:45:53.639023 +00:00
101,Jorge Romero,jorge.romero101@example.com,7782,82738257,915494196,2025-06-05 17:45:53.639628 +00:00
102,Alberto Vargas,alberto.vargas102@example.com,2812,37397967,974969309,2025-06-05 17:45:53.640163 +00:00
103,Patricia Alvarez,patricia.alvarez103@example.com,1128,10768114,902691360,2025-06-05 17:45:53.640694 +00:00
104,Luis Díaz,luis.díaz104@example.com,1611,68720002,954892791,2025-06-05 17:45:53.641242 +00:00
105,Juan Castro,juan.castro105@example.com,9642,16236499,936909792,2025-06-05 17:45:53.641791 +00:00
106,Rosa Martínez,rosa.martínez106@example.com,8566,78469956,983513420,2025-06-05 17:45:53.642337 +00:00
107,José Mendoza,josé.mendoza107@example.com,8287,16834639,965717474,2025-06-05 17:45:53.642889 +00:00
108,Rosa Alvarez,rosa.alvarez108@example.com,1841,34647395,936104102,2025-06-05 17:45:53.643438 +00:00
109,Patricia Rojas,patricia.rojas109@example.com,7001,42402537,976576146,2025-06-05 17:45:53.643968 +00:00
110,Carlos Cruz,carlos.cruz110@example.com,1047,04088766,920414970,2025-06-05 17:45:53.644519 +00:00
111,Laura Martínez,laura.martínez111@example.com,6380,99915713,931026497,2025-06-05 17:45:53.645030 +00:00
112,Juan Vargas,juan.vargas112@example.com,4143,62786311,921107945,2025-06-05 17:45:53.645568 +00:00
113,María Vargas,maría.vargas113@example.com,3632,00843283,901054516,2025-06-05 17:45:53.646084 +00:00
114,Lucía Morales,lucía.morales114@example.com,9822,43166848,907036577,2025-06-05 17:45:53.646598 +00:00
115,José Torres,josé.torres115@example.com,4746,89377014,956370487,2025-06-05 17:45:53.647091 +00:00
116,Laura Rodríguez,laura.rodríguez116@example.com,5287,55161575,906178297,2025-06-05 17:45:53.647651 +00:00
117,María Mendoza,maría.mendoza117@example.com,0334,01338926,928808414,2025-06-05 17:45:53.648278 +00:00
118,Pedro Gómez,pedro.gómez118@example.com,0737,12937163,918808706,2025-06-05 17:45:53.648843 +00:00
119,José Vargas,josé.vargas119@example.com,4501,78126774,996155484,2025-06-05 17:45:53.649443 +00:00
120,Sofía Cruz,sofía.cruz120@example.com,8521,37132749,900093441,2025-06-05 17:45:53.650048 +00:00
121,Pedro Castro,pedro.castro121@example.com,0374,26261621,971023200,2025-06-05 17:45:53.650703 +00:00
122,Ana Rojas,ana.rojas122@example.com,4473,02230569,981766725,2025-06-05 17:45:53.651377 +00:00
123,Carmen Flores,carmen.flores123@example.com,8939,32388088,964719118,2025-06-05 17:45:53.652102 +00:00
124,Isabel Romero,isabel.romero124@example.com,0331,85008585,988106769,2025-06-05 17:45:53.652662 +00:00
125,María Cruz,maría.cruz125@example.com,1445,69628243,992556826,2025-06-05 17:45:53.653188 +00:00
126,Ana López,ana.lópez126@example.com,0947,14956159,983936134,2025-06-05 17:45:53.653743 +00:00
127,Laura García,laura.garcía127@example.com,1409,61432018,915879204,2025-06-05 17:45:53.654299 +00:00
128,Ana García,ana.garcía128@example.com,9195,31677910,984348736,2025-06-05 17:45:53.654835 +00:00
129,Luis Gómez,luis.gómez129@example.com,8951,58416013,987786612,2025-06-05 17:45:53.655344 +00:00
130,Rosa Morales,rosa.morales130@example.com,8557,54655878,924943911,2025-06-05 17:45:53.655847 +00:00
131,Jorge Torres,jorge.torres131@example.com,8151,75747364,999074111,2025-06-05 17:45:53.656417 +00:00
132,Laura Rodríguez,laura.rodríguez132@example.com,4764,75821051,964865356,2025-06-05 17:45:53.656963 +00:00
133,María Fernández,maría.fernández133@example.com,3823,32847592,981377540,2025-06-05 17:45:53.657486 +00:00
134,Luis Cruz,luis.cruz134@example.com,7348,95793537,916954355,2025-06-05 17:45:53.658002 +00:00
135,Pedro Martínez,pedro.martínez135@example.com,9817,33048569,959415340,2025-06-05 17:45:53.658526 +00:00
136,Juan Vargas,juan.vargas136@example.com,3268,09126987,969830737,2025-06-05 17:45:53.659110 +00:00
137,Alberto García,alberto.garcía137@example.com,3157,14990981,915721378,2025-06-05 17:45:53.659688 +00:00
138,Sofía Fernández,sofía.fernández138@example.com,7245,35361337,910130455,2025-06-05 17:45:53.660251 +00:00
139,Sofía López,sofía.lópez139@example.com,8901,04864495,900484141,2025-06-05 17:45:53.660815 +00:00
140,Juan González,juan.gonzález140@example.com,2217,62252588,973004036,2025-06-05 17:45:53.661464 +00:00
141,Carlos Fernández,carlos.fernández141@example.com,9443,28383991,990854404,2025-06-05 17:45:53.661989 +00:00
142,Lucía Cruz,lucía.cruz142@example.com,1118,43363361,927454190,2025-06-05 17:45:53.662513 +00:00
143,Jorge Mendoza,jorge.mendoza143@example.com,5467,77351224,965415847,2025-06-05 17:45:53.663048 +00:00
144,Ana Rodríguez,ana.rodríguez144@example.com,9865,93024084,992299943,2025-06-05 17:45:53.663604 +00:00
145,Miguel Sánchez,miguel.sánchez145@example.com,8516,76790061,980902357,2025-06-05 17:45:53.664133 +00:00
146,Juan Rodríguez,juan.rodríguez146@example.com,6035,92134235,907348179,2025-06-05 17:45:53.664657 +00:00
147,Ricardo Rodríguez,ricardo.rodríguez147@example.com,9899,63634908,954763790,2025-06-05 17:45:53.665155 +00:00
148,Alberto Flores,alberto.flores148@example.com,5630,21943231,907010104,2025-06-05 17:45:53.665662 +00:00
149,Ana Mendoza,ana.mendoza149@example.com,1912,20998242,963632825,2025-06-05 17:45:53.666160 +00:00
150,José Castro,josé.castro150@example.com,6307,87438962,950921706,2025-06-05 17:45:53.666811 +00:00
151,Jorge Flores,jorge.flores151@example.com,4049,63172686,926049667,2025-06-05 17:45:53.667397 +00:00
152,Rosa Fernández,rosa.fernández152@example.com,4004,51616302,997726109,2025-06-05 17:45:53.667933 +00:00
153,Rosa Mendoza,rosa.mendoza153@example.com,8194,88797714,973960109,2025-06-05 17:45:53.668480 +00:00
154,Juan Cruz,juan.cruz154@example.com,1685,89096872,976036991,2025-06-05 17:45:53.669084 +00:00
155,Juan Mendoza,juan.mendoza155@example.com,4385,86521517,966431530,2025-06-05 17:45:53.669747 +00:00
156,Miguel Flores,miguel.flores156@example.com,3559,50408470,947873886,2025-06-05 17:45:53.670540 +00:00
157,Rosa Morales,rosa.morales157@example.com,2818,95072010,928673028,2025-06-05 17:45:53.672016 +00:00
158,Luis Morales,luis.morales158@example.com,8637,24347235,998628888,2025-06-05 17:45:53.672909 +00:00
159,Ricardo Flores,ricardo.flores159@example.com,3316,37910482,920428541,2025-06-05 17:45:53.673526 +00:00
160,Sofía Rodríguez,sofía.rodríguez160@example.com,4179,89260339,993180043,2025-06-05 17:45:53.674100 +00:00
161,Carlos Martínez,carlos.martínez161@example.com,2581,98661725,910927288,2025-06-05 17:45:53.674689 +00:00
162,Pedro González,pedro.gonzález162@example.com,2739,40361498,994033097,2025-06-05 17:45:53.675314 +00:00
163,Miguel Sánchez,miguel.sánchez163@example.com,5846,55381797,985025129,2025-06-05 17:45:53.675905 +00:00
164,Laura Cruz,laura.cruz164@example.com,3623,15171676,993566970,2025-06-05 17:45:53.676427 +00:00
165,Rosa López,rosa.lópez165@example.com,3245,77559942,982656543,2025-06-05 17:45:53.676939 +00:00
166,Miguel Alvarez,miguel.alvarez166@example.com,2081,74344951,965303169,2025-06-05 17:45:53.677489 +00:00
167,Patricia Fernández,patricia.fernández167@example.com,4517,36837227,994107042,2025-06-05 17:45:53.678043 +00:00
168,Rosa Fernández,rosa.fernández168@example.com,6416,99146286,985858281,2025-06-05 17:45:53.678589 +00:00
169,Carmen Mendoza,carmen.mendoza169@example.com,6495,91809405,990425232,2025-06-05 17:45:53.679115 +00:00
170,Luis González,luis.gonzález170@example.com,7337,85636927,911398058,2025-06-05 17:45:53.679643 +00:00
171,Juan Rodríguez,juan.rodríguez171@example.com,5527,72196302,976991764,2025-06-05 17:45:53.680160 +00:00
172,Isabel Vargas,isabel.vargas172@example.com,5609,60634462,961315349,2025-06-05 17:45:53.680684 +00:00
173,Alberto Flores,alberto.flores173@example.com,9662,38694698,904264734,2025-06-05 17:45:53.681204 +00:00
174,Ana Rodríguez,ana.rodríguez174@example.com,5838,72750816,900672619,2025-06-05 17:45:53.681720 +00:00
175,Lucía González,lucía.gonzález175@example.com,8527,82947447,976316139,2025-06-05 17:45:53.682328 +00:00
176,Luis Mendoza,luis.mendoza176@example.com,5456,53863542,925740810,2025-06-05 17:45:53.682904 +00:00
177,Sofía Díaz,sofía.díaz177@example.com,8333,10926907,942890807,2025-06-05 17:45:53.683479 +00:00
178,Ricardo Gómez,ricardo.gómez178@example.com,2389,61117608,955962468,2025-06-05 17:45:53.684039 +00:00
179,Jorge Vargas,jorge.vargas179@example.com,6471,58362549,939907620,2025-06-05 17:45:53.684581 +00:00
180,Isabel Romero,isabel.romero180@example.com,8980,52942932,933724335,2025-06-05 17:45:53.685146 +00:00
181,Ricardo González,ricardo.gonzález181@example.com,1608,67680910,957772085,2025-06-05 17:45:53.685698 +00:00
182,Ana Pérez,ana.pérez182@example.com,5371,43981630,940144734,2025-06-05 17:45:53.686215 +00:00
183,Carlos Pérez,carlos.pérez183@example.com,2346,15544045,956079810,2025-06-05 17:45:53.686783 +00:00
184,Luis Rojas,luis.rojas184@example.com,0889,42378587,946042408,2025-06-05 17:45:53.687272 +00:00
185,José Morales,josé.morales185@example.com,8852,31746786,988203919,2025-06-05 17:45:53.687775 +00:00
186,Elena Castro,elena.castro186@example.com,7186,90867374,948427619,2025-06-05 17:45:53.688296 +00:00
187,Pedro Flores,pedro.flores187@example.com,6485,51906856,914316892,2025-06-05 17:45:53.688831 +00:00
188,Miguel Castro,miguel.castro188@example.com,4928,94034033,954187090,2025-06-05 17:45:53.689380 +00:00
189,Ricardo Díaz,ricardo.díaz189@example.com,0166,36278160,986013160,2025-06-05 17:45:53.689939 +00:00
190,Carmen Torres,carmen.torres190@example.com,7662,05618584,975888493,2025-06-05 17:45:53.690483 +00:00
191,Isabel Romero,isabel.romero191@example.com,0076,36166760,963439433,2025-06-05 17:45:53.691017 +00:00
192,Laura González,laura.gonzález192@example.com,2562,30940541,940051382,2025-06-05 17:45:53.691562 +00:00
193,Pedro Sánchez,pedro.sánchez193@example.com,0793,40636361,903651538,2025-06-05 17:45:53.692176 +00:00
194,Rosa Flores,rosa.flores194@example.com,5371,89714693,928281433,2025-06-05 17:45:53.692783 +00:00
195,Lucía Romero,lucía.romero195@example.com,7218,98195363,911496593,2025-06-05 17:45:53.693425 +00:00
196,María Alvarez,maría.alvarez196@example.com,8565,95586606,918482575,2025-06-05 17:45:53.694103 +00:00
197,Pedro Mendoza,pedro.mendoza197@example.com,0215,03373296,962648872,2025-06-05 17:45:53.694791 +00:00
198,Patricia Pérez,patricia.pérez198@example.com,8631,03822517,956613102,2025-06-05 17:45:53.695407 +00:00
199,Ricardo Alvarez,ricardo.alvarez199@example.com,1827,02975629,991960945,2025-06-05 17:45:53.695983 +00:00
200,Diego Díaz,diego.díaz200@example.com,0450,38460681,962634726,2025-06-05 17:45:53.696694 +00:00
201,Pedro Fernández,pedro.fernández201@example.com,0943,11813087,919370203,2025-06-05 17:45:53.697412 +00:00
202,Jorge Flores,jorge.flores202@example.com,3555,44120025,989892522,2025-06-05 17:45:53.697991 +00:00
203,Alberto Alvarez,alberto.alvarez203@example.com,9399,70899083,940778282,2025-06-05 17:45:53.698506 +00:00
204,Lucía Pérez,lucía.pérez204@example.com,8501,25906545,989198428,2025-06-05 17:45:53.699042 +00:00
205,Pedro Flores,pedro.flores205@example.com,1099,07163244,902626723,2025-06-05 17:45:53.699545 +00:00
206,Carlos Cruz,carlos.cruz206@example.com,0090,80171112,995070571,2025-06-05 17:45:53.700082 +00:00
207,Lucía Mendoza,lucía.mendoza207@example.com,6199,08916556,935196591,2025-06-05 17:45:53.700618 +00:00
208,Ana Pérez,ana.pérez208@example.com,7817,95851428,953872667,2025-06-05 17:45:53.701150 +00:00
209,Miguel López,miguel.lópez209@example.com,3541,17480998,928526200,2025-06-05 17:45:53.701650 +00:00
210,Carmen Mendoza,carmen.mendoza210@example.com,4101,94105621,944852246,2025-06-05 17:45:53.702166 +00:00
211,Rosa Vargas,rosa.vargas211@example.com,1491,20878227,982635758,2025-06-05 17:45:53.702716 +00:00
212,Jorge Alvarez,jorge.alvarez212@example.com,4584,82163258,990842485,2025-06-05 17:45:53.703314 +00:00
213,Jorge Flores,jorge.flores213@example.com,5113,97508225,974673468,2025-06-05 17:45:53.703895 +00:00
214,Miguel Torres,miguel.torres214@example.com,5232,31080457,920372448,2025-06-05 17:45:53.704491 +00:00
215,Sofía Pérez,sofía.pérez215@example.com,6140,75639589,922204578,2025-06-05 17:45:53.705040 +00:00
216,María Alvarez,maría.alvarez216@example.com,0668,44236670,919366127,2025-06-05 17:45:53.705641 +00:00
217,Ricardo Mendoza,ricardo.mendoza217@example.com,2262,05133362,973126172,2025-06-05 17:45:53.706159 +00:00
218,Carlos Cruz,carlos.cruz218@example.com,1633,08868441,950659207,2025-06-05 17:45:53.706758 +00:00
219,Patricia Cruz,patricia.cruz219@example.com,7470,60402234,922642706,2025-06-05 17:45:53.707542 +00:00
220,Miguel Sánchez,miguel.sánchez220@example.com,0843,31747965,905358487,2025-06-05 17:45:53.708313 +00:00
221,Alberto Rojas,alberto.rojas221@example.com,5464,53673173,909853721,2025-06-05 17:45:53.709100 +00:00
222,Elena Mendoza,elena.mendoza222@example.com,8962,88880692,965707988,2025-06-05 17:45:53.709917 +00:00
223,Isabel Morales,isabel.morales223@example.com,9304,26551199,901794724,2025-06-05 17:45:53.710708 +00:00
224,Sofía Torres,sofía.torres224@example.com,7424,05203628,902172004,2025-06-05 17:45:53.711425 +00:00
225,María Rodríguez,maría.rodríguez225@example.com,1005,19245532,994018957,2025-06-05 17:45:53.712179 +00:00
226,Jorge Fernández,jorge.fernández226@example.com,7368,07872899,979848831,2025-06-05 17:45:53.713071 +00:00
227,Sofía Rodríguez,sofía.rodríguez227@example.com,9444,41907903,916626440,2025-06-05 17:45:53.713988 +00:00
228,María García,maría.garcía228@example.com,7078,66631860,910133530,2025-06-05 17:45:53.714631 +00:00
229,Laura Fernández,laura.fernández229@example.com,7615,23152090,920968578,2025-06-05 17:45:53.715242 +00:00
230,Elena Vargas,elena.vargas230@example.com,3392,41641610,974772766,2025-06-05 17:45:53.715793 +00:00
231,Pedro Gómez,pedro.gómez231@example.com,1964,62258363,962939752,2025-06-05 17:45:53.716331 +00:00
232,Miguel Flores,miguel.flores232@example.com,0803,30911365,948772997,2025-06-05 17:45:53.716827 +00:00
233,José Alvarez,josé.alvarez233@example.com,7067,91791949,912296013,2025-06-05 17:45:53.717366 +00:00
234,Miguel Vargas,miguel.vargas234@example.com,0982,97819706,984955415,2025-06-05 17:45:53.717901 +00:00
235,Carmen Castro,carmen.castro235@example.com,8962,56360991,918227259,2025-06-05 17:45:53.718429 +00:00
236,Ricardo García,ricardo.garcía236@example.com,1319,68029633,905546271,2025-06-05 17:45:53.718950 +00:00
237,Isabel Sánchez,isabel.sánchez237@example.com,2086,56370609,996130029,2025-06-05 17:45:53.719464 +00:00
238,Patricia Martínez,patricia.martínez238@example.com,0708,97244740,907713743,2025-06-05 17:45:53.719993 +00:00
239,Carlos Rodríguez,carlos.rodríguez239@example.com,3301,84155607,932043846,2025-06-05 17:45:53.720514 +00:00
240,Ana Torres,ana.torres240@example.com,7602,45079779,977433694,2025-06-05 17:45:53.721101 +00:00
241,Carlos Cruz,carlos.cruz241@example.com,6482,74851570,994033056,2025-06-05 17:45:53.721662 +00:00
242,Ricardo Torres,ricardo.torres242@example.com,7736,73582015,986822531,2025-06-05 17:45:53.722281 +00:00
243,Luis Rojas,luis.rojas243@example.com,0735,20577593,922026297,2025-06-05 17:45:53.723134 +00:00
244,Miguel Díaz,miguel.díaz244@example.com,2082,05723579,944600896,2025-06-05 17:45:53.723720 +00:00
245,Carlos Rodríguez,carlos.rodríguez245@example.com,6886,67553341,982257761,2025-06-05 17:45:53.724476 +00:00
246,Ana Díaz,ana.díaz246@example.com,1289,89972618,997593054,2025-06-05 17:45:53.725647 +00:00
247,José Pérez,josé.pérez247@example.com,2063,51891514,907279088,2025-06-05 17:45:53.726828 +00:00
248,Jorge Rodríguez,jorge.rodríguez248@example.com,2204,97640406,931464052,2025-06-05 17:45:53.727790 +00:00
249,María Flores,maría.flores249@example.com,6287,20428373,900182533,2025-06-05 17:45:53.728446 +00:00
250,Alberto Vargas,alberto.vargas250@example.com,9338,47909469,922098194,2025-06-05 17:45:53.729035 +00:00
251,José Fernández,josé.fernández251@example.com,8960,24575924,952352676,2025-06-05 17:45:53.729609 +00:00
252,Diego Flores,diego.flores252@example.com,7945,30726262,917248810,2025-06-05 17:45:53.730169 +00:00
253,Patricia Gómez,patricia.gómez253@example.com,4713,41673939,985331262,2025-06-05 17:45:53.730812 +00:00
254,Elena Fernández,elena.fernández254@example.com,4772,78035330,943157355,2025-06-05 17:45:53.731354 +00:00
255,Lucía González,lucía.gonzález255@example.com,3136,91223940,966949224,2025-06-05 17:45:53.731884 +00:00
256,Ana Torres,ana.torres256@example.com,6071,78588902,926024472,2025-06-05 17:45:53.732414 +00:00
257,Jorge López,jorge.lópez257@example.com,0833,83669014,999572252,2025-06-05 17:45:53.732936 +00:00
258,Isabel Mendoza,isabel.mendoza258@example.com,9900,58548895,990012942,2025-06-05 17:45:53.733454 +00:00
259,Patricia Alvarez,patricia.alvarez259@example.com,7501,76591078,940073792,2025-06-05 17:45:53.733952 +00:00
260,Rosa Castro,rosa.castro260@example.com,8105,35806128,945470277,2025-06-05 17:45:53.734444 +00:00
261,Lucía Cruz,lucía.cruz261@example.com,8583,65212523,955899978,2025-06-05 17:45:53.734933 +00:00
262,María Sánchez,maría.sánchez262@example.com,8273,37497831,990837232,2025-06-05 17:45:53.735440 +00:00
263,Alberto Cruz,alberto.cruz263@example.com,5766,09067955,996619312,2025-06-05 17:45:53.735961 +00:00
264,Elena Fernández,elena.fernández264@example.com,1332,03159693,900572636,2025-06-05 17:45:53.736483 +00:00
265,Luis Rojas,luis.rojas265@example.com,6392,94070303,952690644,2025-06-05 17:45:53.737011 +00:00
266,Ana Romero,ana.romero266@example.com,8924,57986355,960206170,2025-06-05 17:45:53.737530 +00:00
267,Laura Fernández,laura.fernández267@example.com,6568,68546039,918694583,2025-06-05 17:45:53.738041 +00:00
268,Carlos Romero,carlos.romero268@example.com,9160,21078149,913667895,2025-06-05 17:45:53.738592 +00:00
269,Ricardo Rodríguez,ricardo.rodríguez269@example.com,8111,15038882,915840254,2025-06-05 17:45:53.739174 +00:00
270,Juan Gómez,juan.gómez270@example.com,2702,31520417,913798336,2025-06-05 17:45:53.739747 +00:00
271,Alberto Gómez,alberto.gómez271@example.com,8298,10878281,955232801,2025-06-05 17:45:53.740265 +00:00
272,Sofía Torres,sofía.torres272@example.com,3555,50450444,920030202,2025-06-05 17:45:53.740811 +00:00
273,Diego Cruz,diego.cruz273@example.com,2884,70183917,996836164,2025-06-05 17:45:53.741346 +00:00
274,Laura López,laura.lópez274@example.com,5887,03721798,932708762,2025-06-05 17:45:53.741884 +00:00
275,Patricia Gómez,patricia.gómez275@example.com,5879,81749864,932902028,2025-06-05 17:45:53.742444 +00:00
276,Patricia Gómez,patricia.gómez276@example.com,5616,52979962,956952188,2025-06-05 17:45:53.742964 +00:00
277,Luis Martínez,luis.martínez277@example.com,0401,14041944,935335309,2025-06-05 17:45:53.743467 +00:00
278,Isabel Torres,isabel.torres278@example.com,3804,96104547,966518823,2025-06-05 17:45:53.743970 +00:00
279,Juan Torres,juan.torres279@example.com,5868,57296197,983569489,2025-06-05 17:45:53.744484 +00:00
280,Ana Flores,ana.flores280@example.com,8946,32661019,968851089,2025-06-05 17:45:53.745014 +00:00
281,Lucía Mendoza,lucía.mendoza281@example.com,6990,55581519,904654671,2025-06-05 17:45:53.745533 +00:00
282,Luis Sánchez,luis.sánchez282@example.com,2541,36826999,906022330,2025-06-05 17:45:53.746150 +00:00
283,Laura Sánchez,laura.sánchez283@example.com,5636,30997285,994279313,2025-06-05 17:45:53.746717 +00:00
284,María Rodríguez,maría.rodríguez284@example.com,9843,72332876,957881780,2025-06-05 17:45:53.747296 +00:00
285,Juan Mendoza,juan.mendoza285@example.com,1041,32100043,942867538,2025-06-05 17:45:53.747869 +00:00
286,Ricardo González,ricardo.gonzález286@example.com,2261,84364837,904519063,2025-06-05 17:45:53.748493 +00:00
287,Jorge González,jorge.gonzález287@example.com,2408,58272547,979148025,2025-06-05 17:45:53.749041 +00:00
288,Rosa Gómez,rosa.gómez288@example.com,2337,42252420,944189005,2025-06-05 17:45:53.749574 +00:00
289,María Rodríguez,maría.rodríguez284@example.com,9843,72332876,957881780,2025-06-05 17:45:53.750077 +00:00
290,Juan Mendoza,juan.mendoza285@example.com,1041,32100043,942867538,2025-06-05 17:45:53.750570 +00:00
291,Ricardo González,ricardo.gonzález286@example.com,2261,84364837,904519063,2025-06-05 17:45:53.751039 +00:00
292,Jorge González,jorge.gonzález287@example.com,2408,58272547,979148025,2025-06-05 17:45:53.751499 +00:00
293,Rosa Gómez,rosa.gómez288@example.com,2337,42252420,944189005,2025-06-05 17:45:53.751988 +00:00
294,Jorge Gómez,jorge.gómez289@example.com,2234,17127732,922034880,2025-06-05 17:45:53.752503 +00:00
295,Rosa Martínez,rosa.martínez290@example.com,0067,33333264,924885551,2025-06-05 17:45:53.753122 +00:00
296,Sofía Alvarez,sofía.alvarez291@example.com,9667,84817008,914767790,2025-06-05 17:45:53.753677 +00:00
297,Carlos Fernández,carlos.fernández292@example.com,1531,51493112,963223814,2025-06-05 17:45:53.754197 +00:00
298,Alberto Díaz,alberto.díaz293@example.com,1437,34027025,901852530,2025-06-05 17:45:53.754708 +00:00
299,Ana Rojas,ana.rojas294@example.com,7518,30443067,916917459,2025-06-05 17:45:53.755203 +00:00
300,Laura López,laura.lópez295@example.com,9365,80832564,957214518,2025-06-05 17:45:53.755718 +00:00
301,Ricardo Cruz,ricardo.cruz296@example.com,6198,71701011,983897037,2025-06-05 17:45:53.756217 +00:00
302,Ricardo Gómez,ricardo.gómez297@example.com,0332,86608414,999108074,2025-06-05 17:45:53.756731 +00:00
303,Lucía Fernández,lucía.fernández298@example.com,1250,45904791,974710821,2025-06-05 17:45:53.757273 +00:00
304,Lucía Sánchez,lucía.sánchez299@example.com,1392,01821160,938510019,2025-06-05 17:45:53.757782 +00:00
305,Carlos Romero,carlos.romero300@example.com,4101,40246806,985059319,2025-06-05 17:45:53.758305 +00:00
